[
    {
        "title":"XAU/USD",
        "bidStatus":"success",
        "bidTxt":"1730.69",
        "askStatus":"danger",
        "askTxt":"1731.44"
    },
    {
        "title":"GBP/USD",
        "bidStatus":"danger",
        "bidTxt":"1.2382",
        "askStatus":"danger",
        "askTxt":"1.2383"
    },
    {
        "title":"EUR/USD",
        "bidStatus":"danger",
        "bidTxt":"1.1240",
        "askStatus":"success",
        "askTxt":"1.1245"
    },
    {
        "title":"USD/CAD",
        "bidStatus":"success",
        "bidTxt":"1.3591",
        "askStatus":"success",
        "askTxt":"1.3593"
    },
    {
        "title":"USD/CHF",
        "bidStatus":"danger",
        "bidTxt":"0.9506",
        "askStatus":"danger",
        "askTxt":"1.2383"
    },
    {
        "title":"AUD/USD",
        "bidStatus":"danger",
        "bidTxt":"0.6868",
        "askStatus":"danger",
        "askTxt":"0.6869"
    },
    {
        "title":"GBP/USD",
        "bidStatus":"danger",
        "bidTxt":"1.2382",
        "askStatus":"danger",
        "askTxt":"1.2383"
    }
]