[
    {
        
        "thumbnail":"assets/img/in-widget-image-1.jpg",
        "title":"​Bank of England rate preview: markets expecting QE expansion​",
        "timestamp":"Wednesday 17 June 2020 16:25"
    },
    {
        "thumbnail":"assets/img/in-widget-image-2.jpg",
        "title":"​EUR/USD, GBP/USD, and AUD/USD finding support after recent declines​",
        "timestamp":"Wednesday 17 June 2020 16:11"
    },
    {
        "thumbnail":"assets/img/in-widget-image-3.jpg",
        "title":"Where next for the SPH share price after being dropped by STI Index?​",
        "timestamp":"Wednesday 17 June 2020 15:15"
    }
]