{
  "slider": [
    {
      "id": "one",
      "background": "assets/img/in-slideshow-image-1.jpg",
      "title": "Award-winning Products and Trading platforms",
      "desc": "Tap into the world's markets and explore endless trading opportunities with tight spreads and no commission.",
      "btn": {
        "url": "/booknow",
        "text": "Discover it now",
        "icon": "fas fa-scroll"
      }
    },
    {
      "id": "two",
      "background": "assets/img/in-slideshow-image-2.jpg",
      "title": "Multi-regulated Global Forex and Shares Broker",
      "desc": "A trusted destination for traders worldwide, Authorised by FCA, ASIC & FSCA with multi-lingual support 24/5.",
      "btn": {
        "url": "/apointment",
        "text": "Discover it now",
        "icon": "fas fa-scroll"
      }
    },
    {
      "id": "three",
      "background": "assets/img/in-slideshow-image-3.jpg",
      "title": "Trade Shares and Forex with Financial Thinking",
      "desc": "Access 40,000+ instruments – across asset classNamees – to trade, hedge and invest from a single account.",
      "btn": {
        "url": "/booknow",
        "text": "Discover it now",
        "icon": "fas fa-scroll"
      }
    }
  ],
  "sliderFeature": [
    {
      "id": "one",
      "title": "Free <br/> analysis tools",
      "icon": "assets/img/in-wave-icon-1.svg"
    },
    {
      "id": "two",
      "title": "Fast execution <br />0 commision",
      "icon": "assets/img/in-wave-icon-2.svg"
    },
    {
      "id": "three",
      "title": "Low minimum <br /> deposit of $100",
      "icon": "assets/img/in-wave-icon-3.svg"
    },
    {
      "id": "four",
      "title": "Over 2,100 <br/>assets to trade",
      "icon": "assets/img/in-wave-icon-4.svg"
    }
  ]
}
