[
    {
        "icon":"assets/img/in-wave-icon-14.svg",
        "title":"Maximum value"
    },
    {
        "icon":"assets/img/in-wave-icon-15.svg",
        "title":"Fast executions"
    },
    {
        "icon":"assets/img/in-wave-icon-16.svg",
        "title":"Trading tools"
    },
    {
        "icon":"assets/img/in-wave-icon-17.svg",
        "title":"Guide & support"
    },
    {
        "icon":"assets/img/in-wave-icon-9.svg",
        "title":"Financial secure"
    },
    {
        "icon":"assets/img/in-wave-icon-8.svg",
        "title":"Strong regulatory"
    }
]